{
	"credit": "Made with Blockbench",
	"parent": "block/block",
	"texture_size": [48, 48],
	"textures": {
		"particle": "block/dragon_egg",
		"all": "block/dragon_egg"
	},
	"elements": [
		{
			"from": [3, 0, 1],
			"to": [13, 10, 15],
			"rotation": {"angle": 0, "axis": "y", "origin": [0, -3, 0]},
			"faces": {
				"north": {"uv": [4.66667, 4.66667, 8, 8], "texture": "#all"},
				"east": {"uv": [0, 4.66667, 4.66667, 8], "texture": "#all"},
				"south": {"uv": [12.66667, 4.66667, 16, 8], "texture": "#all"},
				"west": {"uv": [8, 4.66667, 12.66667, 8], "texture": "#all"},
				"up": {"uv": [8, 4.66667, 4.66667, 0], "texture": "#all"},
				"down": {"uv": [11.33333, 0, 8, 4.66667], "texture": "#all"}
			}
		}
	],
	"display": {
		"thirdperson_righthand": {
			"rotation": [16, 25, 0],
			"translation": [0, 2, 1.75],
			"scale": [0.5, 0.5, 0.5]
		},
		"thirdperson_lefthand": {
			"rotation": [16, 25, 0],
			"translation": [0, 2, 1.75],
			"scale": [0.5, 0.5, 0.5]
		},
		"ground": {
			"translation": [0, 4.5, 0]
		}
	}
}