{
	"credit": "Made with Blockbench",
	"parent": "block/orientable",
	"textures": {
		"0": "block/TV_back",
		"1": "block/TV_bottom",
		"2": "block/TV_side",
		"3": "block/TV_Static",
		"4": "block/TV_top",
		"particle": "block/TV_back"
	},
	"elements": [
		{
			"from": [0, 0, 0],
			"to": [16, 16, 16],
			"faces": {
				"north": {"uv": [0, 0, 16, 16], "texture": "#3"},
				"east": {"uv": [16, 0, 0, 16], "texture": "#2"},
				"south": {"uv": [0, 0, 16, 16], "texture": "#0"},
				"west": {"uv": [0, 0, 16, 16], "texture": "#2"},
				"up": {"uv": [0, 0, 16, 16], "texture": "#4"},
				"down": {"uv": [0, 0, 16, 16], "texture": "#1"}
			}
		}
	]
}