{
	"credit": "Made with Blockbench",
	"parent": "block/block",
	"textures": {
		"particle": "block/sculk_shrieker_bottom",
		"bottom": "block/sculk_shrieker_bottom",
		"side": "block/sculk_shrieker_side",
		"top": "block/sculk_shrieker_top"
	},
	"elements": [
		{
			"name": "bottom_slab",
			"from": [0, 0, 0],
			"to": [16, 16, 16],
			"faces": {
				"north": {"uv": [0, 0, 16, 16], "texture": "#side", "cullface": "north"},
				"east": {"uv": [0, 0, 16, 16], "texture": "#side", "cullface": "east"},
				"south": {"uv": [0, 0, 16, 16], "texture": "#side", "cullface": "south"},
				"west": {"uv": [0, 0, 16, 16], "texture": "#side", "cullface": "west"},
				"up": {"uv": [0, 0, 16, 16], "texture": "#top"},
				"down": {"uv": [0, 0, 16, 16], "texture": "#bottom", "cullface": "down"}
			}
		},
		{
			"name": "up",
			"from": [1, 14.98, 1],
			"to": [15, 14.98, 15],
			"faces": {
				"down": {"uv": [1, 1, 15, 15], "texture": "#top"}
			}
		},
		{
			"name": "south",
			"from": [1, 8, 14.98],
			"to": [15, 15, 14.98],
			"faces": {
				"north": {"uv": [1, 1, 15, 8], "texture": "#side"}
			}
		},
		{
			"name": "west",
			"from": [1.02, 8, 1],
			"to": [1.02, 15, 15],
			"faces": {
				"east": {"uv": [1, 1, 15, 8], "texture": "#side"}
			}
		}
	]
}