{
	"credit": "Made with Blockbench",
	"parent": "bow",
	"texture_size": [32, 32],
	"textures": {
		"1": "item/gun",
		"particle": "item/gun"
	},
	"elements": [
		{
			"from": [7, 4, 5.5],
			"to": [9, 6, 11.5],
			"rotation": {"angle": 0, "axis": "y", "origin": [7, 4, 9]},
			"faces": {
				"north": {"uv": [3, 3, 4, 4], "texture": "#1"},
				"east": {"uv": [0, 3, 3, 4], "texture": "#1"},
				"south": {"uv": [7, 3, 8, 4], "texture": "#1"},
				"west": {"uv": [4, 3, 7, 4], "texture": "#1"},
				"up": {"uv": [4, 3, 3, 0], "texture": "#1"},
				"down": {"uv": [5, 0, 4, 3], "texture": "#1"}
			}
		},
		{
			"from": [7, 5, 11.5],
			"to": [9, 6, 14.5],
			"rotation": {"angle": 0, "axis": "y", "origin": [7, 5, 9.5]},
			"faces": {
				"north": {"uv": [6.5, 5.5, 7.5, 6], "texture": "#1"},
				"east": {"uv": [5, 5.5, 6.5, 6], "texture": "#1"},
				"south": {"uv": [9, 5.5, 10, 6], "texture": "#1"},
				"west": {"uv": [7.5, 5.5, 9, 6], "texture": "#1"},
				"up": {"uv": [7.5, 5.5, 6.5, 4], "texture": "#1"},
				"down": {"uv": [8.5, 4, 7.5, 5.5], "texture": "#1"}
			}
		},
		{
			"from": [7, 4, 11.5],
			"to": [9, 5, 14.5],
			"rotation": {"angle": 0, "axis": "y", "origin": [7, 5, 9.5]},
			"faces": {
				"north": {"uv": [6.5, 7.5, 7.5, 8], "texture": "#1"},
				"east": {"uv": [5, 7.5, 6.5, 8], "texture": "#1"},
				"south": {"uv": [9, 7.5, 10, 8], "texture": "#1"},
				"west": {"uv": [7.5, 7.5, 9, 8], "texture": "#1"},
				"up": {"uv": [7.5, 7.5, 6.5, 6], "texture": "#1"},
				"down": {"uv": [8.5, 6, 7.5, 7.5], "texture": "#1"}
			}
		},
		{
			"from": [7.5, 4.7, 11.5],
			"to": [8.5, 5.7, 14.5],
			"rotation": {"angle": 0, "axis": "y", "origin": [7, 5.7, 9.5]},
			"faces": {
				"north": {"uv": [1.5, 9, 2, 9.5], "texture": "#1"},
				"east": {"uv": [0, 9, 1.5, 9.5], "texture": "#1"},
				"south": {"uv": [3.5, 9, 4, 9.5], "texture": "#1"},
				"west": {"uv": [2, 9, 3.5, 9.5], "texture": "#1"},
				"up": {"uv": [2, 9, 1.5, 7.5], "texture": "#1"},
				"down": {"uv": [2.5, 7.5, 2, 9], "texture": "#1"}
			}
		},
		{
			"from": [8, 1.5, 10],
			"to": [8, 4, 13.5],
			"rotation": {"angle": 0, "axis": "y", "origin": [7, 0, 10]},
			"faces": {
				"north": {"uv": [9.5, 1.5, 9.5, 2.5], "texture": "#1"},
				"east": {"uv": [8, 1.5, 9.5, 2.5], "texture": "#1"},
				"south": {"uv": [11, 1.5, 11, 2.5], "texture": "#1"},
				"west": {"uv": [9.5, 1.5, 11, 2.5], "texture": "#1"},
				"up": {"uv": [9.5, 1.5, 9.5, 0], "texture": "#1"},
				"down": {"uv": [9.5, 0, 9.5, 1.5], "texture": "#1"}
			}
		},
		{
			"from": [7, 0.8, 12.3],
			"to": [9, 4.8, 15.3],
			"rotation": {"angle": -22.5, "axis": "x", "origin": [8, 2.8, 13.8]},
			"faces": {
				"north": {"uv": [1.5, 5.5, 2.5, 7.5], "texture": "#1"},
				"east": {"uv": [0, 5.5, 1.5, 7.5], "texture": "#1"},
				"south": {"uv": [4, 5.5, 5, 7.5], "texture": "#1"},
				"west": {"uv": [2.5, 5.5, 4, 7.5], "texture": "#1"},
				"up": {"uv": [2.5, 5.5, 1.5, 4], "texture": "#1"},
				"down": {"uv": [3.5, 4, 2.5, 5.5], "texture": "#1"}
			}
		}
	],
	"display": {
		"thirdperson_righthand": {
			"translation": [0, 4.75, -4]
		},
		"thirdperson_lefthand": {
			"translation": [0, 4.75, -4]
		},
		"firstperson_righthand": {
			"rotation": [4.63, 13.53, 5.89],
			"translation": [-0.5, 4, 0]
		},
		"firstperson_lefthand": {
			"rotation": [3.4, -19.91, -2.86],
			"translation": [-0.5, 4, 0]
		},
		"ground": {
			"translation": [0, 3.75, 0]
		},
		"gui": {
			"rotation": [90, -65, 90],
			"translation": [1, 4.25, 0]
		},
		"fixed": {
			"rotation": [90, 75, -90],
			"translation": [-2, 4.5, 0.25]
		}
	},
	"groups": [
		0,
		1,
		2,
		3,
		4,
		{
			"name": "group",
			"origin": [7, 0, 2.5],
			"color": 0,
			"children": [5]
		}
	]
}