{
	"credit": "Made with Blockbench",
	"parent": "crossbow",
	"texture_size": [32, 32],
	"textures": {
		"0": "item/rifle",
		"particle": "item/rifle"
	},
	"elements": [
		{
			"name": "trigger",
			"from": [8, 3.5, 6],
			"to": [8, 5.5, 10],
			"rotation": {"angle": 0, "axis": "y", "origin": [7, 3.5, 6]},
			"faces": {
				"north": {"uv": [2, 5.5, 2, 6.5], "texture": "#0"},
				"east": {"uv": [0, 5.5, 2, 6.5], "texture": "#0"},
				"south": {"uv": [4, 5.5, 4, 6.5], "texture": "#0"},
				"west": {"uv": [2, 5.5, 4, 6.5], "texture": "#0"},
				"up": {"uv": [2, 5.5, 2, 3.5], "texture": "#0"},
				"down": {"uv": [2, 3.5, 2, 5.5], "texture": "#0"}
			}
		},
		{
			"name": "chamber",
			"from": [7, 5.5, 6],
			"to": [9, 7.5, 10],
			"rotation": {"angle": 0, "axis": "y", "origin": [7, 5.5, 6]},
			"faces": {
				"north": {"uv": [2, 13.5, 3, 14.5], "texture": "#0"},
				"east": {"uv": [0, 13.5, 2, 14.5], "texture": "#0"},
				"south": {"uv": [5, 13.5, 6, 14.5], "texture": "#0"},
				"west": {"uv": [3, 13.5, 5, 14.5], "texture": "#0"},
				"up": {"uv": [3, 13.5, 2, 11.5], "texture": "#0"},
				"down": {"uv": [4, 11.5, 3, 13.5], "texture": "#0"}
			}
		},
		{
			"name": "stock",
			"from": [7, 2.2, -0.45],
			"to": [9, 6.2, 7.05],
			"rotation": {"angle": -22.5, "axis": "x", "origin": [8, 4.2, 3.3]},
			"faces": {
				"north": {"uv": [3.5, 3.5, 4.5, 5.5], "texture": "#0"},
				"east": {"uv": [0, 3.5, 3.5, 5.5], "texture": "#0"},
				"south": {"uv": [8, 3.5, 9, 5.5], "texture": "#0"},
				"west": {"uv": [4.5, 3.5, 8, 5.5], "texture": "#0"},
				"up": {"uv": [4.5, 3.5, 3.5, 0], "texture": "#0"},
				"down": {"uv": [5.5, 0, 4.5, 3.5], "texture": "#0"}
			}
		},
		{
			"name": "barrel",
			"from": [7, 5.5, 10],
			"to": [9, 7.5, 23],
			"rotation": {"angle": 0, "axis": "x", "origin": [7, 5.5, 10]},
			"faces": {
				"north": {"uv": [6.5, 15, 7.5, 16], "texture": "#0"},
				"east": {"uv": [0, 15, 6.5, 16], "texture": "#0"},
				"south": {"uv": [14, 15, 15, 16], "texture": "#0"},
				"west": {"uv": [7.5, 15, 14, 16], "texture": "#0"},
				"up": {"uv": [7.5, 15, 6.5, 8.5], "texture": "#0"},
				"down": {"uv": [8.5, 8.5, 7.5, 15], "texture": "#0"}
			}
		}
	],
	"display": {
		"thirdperson_righthand": {
			"rotation": [27, 180, 0],
			"translation": [0.5, 1.75, 0.75]
		},
		"thirdperson_lefthand": {
			"rotation": [27, 180, 0]
		},
		"firstperson_righthand": {
			"rotation": [180, 10, 180],
			"translation": [1.25, 2.25, 0]
		},
		"firstperson_lefthand": {
			"rotation": [180, 10, 180],
			"translation": [1.25, 2.25, 0]
		},
		"ground": {
			"translation": [0, 3.75, 0]
		},
		"gui": {
			"rotation": [-90, -65, -90],
			"translation": [4.25, 0, 0]
		},
		"fixed": {
			"rotation": [-90, -65, -90],
			"translation": [4.25, 0, 0]
		}
	},
	"groups": [
		0,
		1,
		2,
		{
			"name": "group",
			"origin": [0, 0, 0],
			"color": 0,
			"children": [3]
		}
	]
}