{
	"Parent": "golden_sword",
	"texture_size": [32, 32],
	"textures": {
		"0": "item/pipewrench",
		"particle": "item/pipewrench"
	},
	"elements": [
		{
			"from": [7, 0, 6.5],
			"to": [9, 8, 8.5],
			"rotation": {"angle": 0, "axis": "y", "origin": [7, 0, 6.5]},
			"faces": {
				"north": {"uv": [1, 4.5, 2, 8.5], "texture": "#0"},
				"east": {"uv": [0, 4.5, 1, 8.5], "texture": "#0"},
				"south": {"uv": [3, 4.5, 4, 8.5], "texture": "#0"},
				"west": {"uv": [2, 4.5, 3, 8.5], "texture": "#0"},
				"up": {"uv": [2, 4.5, 1, 3.5], "texture": "#0"},
				"down": {"uv": [3, 3.5, 2, 4.5], "texture": "#0"}
			}
		},
		{
			"from": [7, 8, 5.5],
			"to": [9, 11, 9.5],
			"rotation": {"angle": 0, "axis": "y", "origin": [7, 9, 6.5]},
			"faces": {
				"north": {"uv": [2, 2, 3, 3.5], "texture": "#0"},
				"east": {"uv": [0, 2, 2, 3.5], "texture": "#0"},
				"south": {"uv": [5, 2, 6, 3.5], "texture": "#0"},
				"west": {"uv": [3, 2, 5, 3.5], "texture": "#0"},
				"up": {"uv": [3, 2, 2, 0], "texture": "#0"},
				"down": {"uv": [4, 0, 3, 2], "texture": "#0"}
			}
		},
		{
			"from": [7, 11, 4],
			"to": [9, 12, 7],
			"rotation": {"angle": 0, "axis": "y", "origin": [7, 11, 6.5]},
			"faces": {
				"north": {"uv": [5.5, 5, 6.5, 5.5], "texture": "#0"},
				"east": {"uv": [4, 5, 5.5, 5.5], "texture": "#0"},
				"south": {"uv": [8, 5, 9, 5.5], "texture": "#0"},
				"west": {"uv": [6.5, 5, 8, 5.5], "texture": "#0"},
				"up": {"uv": [6.5, 5, 5.5, 3.5], "texture": "#0"},
				"down": {"uv": [7.5, 3.5, 6.5, 5], "texture": "#0"}
			}
		},
		{
			"from": [7, 14, 4],
			"to": [9, 15, 7],
			"rotation": {"angle": 0, "axis": "y", "origin": [7, 14, 6.5]},
			"faces": {
				"north": {"uv": [7.5, 1.5, 8.5, 2], "texture": "#0"},
				"east": {"uv": [6, 1.5, 7.5, 2], "texture": "#0"},
				"south": {"uv": [10, 1.5, 11, 2], "texture": "#0"},
				"west": {"uv": [8.5, 1.5, 10, 2], "texture": "#0"},
				"up": {"uv": [8.5, 1.5, 7.5, 0], "texture": "#0"},
				"down": {"uv": [9.5, 0, 8.5, 1.5], "texture": "#0"}
			}
		},
		{
			"from": [7, 11, 7],
			"to": [9, 15, 9.5],
			"rotation": {"angle": 0, "axis": "y", "origin": [7, 11, 6.5]},
			"faces": {
				"north": {"uv": [5, 6.5, 6, 8.5], "texture": "#0"},
				"east": {"uv": [4, 6.5, 5, 8.5], "texture": "#0"},
				"south": {"uv": [7, 6.5, 8, 8.5], "texture": "#0"},
				"west": {"uv": [6, 6.5, 7, 8.5], "texture": "#0"},
				"up": {"uv": [6, 6.5, 5, 5.5], "texture": "#0"},
				"down": {"uv": [7, 5.5, 6, 6.5], "texture": "#0"}
			}
		}
	],
	"display": {
		"thirdperson_righthand": {
			"translation": [0, 2, 2]
		},
		"thirdperson_lefthand": {
			"translation": [0, 2, 2]
		},
		"firstperson_righthand": {
			"rotation": [-10, 0, 0],
			"translation": [1.5, 6, 0]
		},
		"firstperson_lefthand": {
			"rotation": [-10, 0, 0],
			"translation": [1.5, 6, 0]
		},
		"ground": {
			"translation": [0, 4.75, 0]
		},
		"gui": {
			"rotation": [-90, -45, -90]
		},
		"fixed": {
			"rotation": [-90, 45, 90]
		}
	}
}