{
	"Parent": "golden_axe",
	"textures": {
		"0": "item/fireaxe",
		"particle": "item/fireaxe"
	},
	"elements": [
		{
			"from": [7, 0, 6.5],
			"to": [8, 12, 7.5],
			"rotation": {"angle": 0, "axis": "y", "origin": [7, 0, 6.5]},
			"faces": {
				"north": {"uv": [1, 1, 2, 13], "texture": "#0"},
				"east": {"uv": [0, 1, 1, 13], "texture": "#0"},
				"south": {"uv": [3, 1, 4, 13], "texture": "#0"},
				"west": {"uv": [2, 1, 3, 13], "texture": "#0"},
				"up": {"uv": [2, 1, 1, 0], "texture": "#0"},
				"down": {"uv": [3, 0, 2, 1], "texture": "#0"}
			}
		},
		{
			"from": [6.5, 6, 6],
			"to": [8.5, 8, 8],
			"rotation": {"angle": 0, "axis": "y", "origin": [7, 2, 6.5]},
			"faces": {
				"north": {"uv": [6, 7, 8, 9], "texture": "#0"},
				"east": {"uv": [4, 7, 6, 9], "texture": "#0"},
				"south": {"uv": [10, 7, 12, 9], "texture": "#0"},
				"west": {"uv": [8, 7, 10, 9], "texture": "#0"},
				"up": {"uv": [8, 7, 6, 5], "texture": "#0"},
				"down": {"uv": [10, 5, 8, 7], "texture": "#0"}
			}
		},
		{
			"from": [7, 10.5, 8],
			"to": [8, 11.5, 9],
			"rotation": {"angle": 0, "axis": "y", "origin": [7, 5.5, 9]},
			"faces": {
				"north": {"uv": [11, 10, 12, 11], "texture": "#0"},
				"east": {"uv": [10, 10, 11, 11], "texture": "#0"},
				"south": {"uv": [13, 10, 14, 11], "texture": "#0"},
				"west": {"uv": [12, 10, 13, 11], "texture": "#0"},
				"up": {"uv": [12, 10, 11, 9], "texture": "#0"},
				"down": {"uv": [13, 9, 12, 10], "texture": "#0"}
			}
		},
		{
			"from": [7, 8.5, 3.5],
			"to": [8, 11.5, 6],
			"rotation": {"angle": 0, "axis": "y", "origin": [7, 5.5, 4.5]},
			"faces": {
				"north": {"uv": [6, 11, 7, 14], "texture": "#0"},
				"east": {"uv": [4, 11, 6, 14], "texture": "#0"},
				"south": {"uv": [9, 11, 10, 14], "texture": "#0"},
				"west": {"uv": [7, 11, 9, 14], "texture": "#0"},
				"up": {"uv": [7, 11, 6, 9], "texture": "#0"},
				"down": {"uv": [8, 9, 7, 11], "texture": "#0"}
			}
		},
		{
			"from": [6.5, 8.5, 6],
			"to": [8.5, 11.5, 8],
			"rotation": {"angle": 0, "axis": "y", "origin": [7, 5.5, 6.5]},
			"faces": {
				"north": {"uv": [6, 2, 8, 5], "texture": "#0"},
				"east": {"uv": [4, 2, 6, 5], "texture": "#0"},
				"south": {"uv": [10, 2, 12, 5], "texture": "#0"},
				"west": {"uv": [8, 2, 10, 5], "texture": "#0"},
				"up": {"uv": [8, 2, 6, 0], "texture": "#0"},
				"down": {"uv": [10, 0, 8, 2], "texture": "#0"}
			}
		}
	],
	"display": {
		"thirdperson_righthand": {
			"translation": [0.5, 2.5, 2.5]
		},
		"thirdperson_lefthand": {
			"translation": [0.5, 2.5, 2.5]
		},
		"firstperson_righthand": {
			"rotation": [-10, 0, 0],
			"translation": [1.25, 6.25, 0],
			"scale": [1.5, 1.5, 1.5]
		},
		"firstperson_lefthand": {
			"rotation": [-10, 0, 0],
			"translation": [1.25, 6.25, 0],
			"scale": [1.5, 1.5, 1.5]
		},
		"ground": {
			"translation": [0, 4.5, 0]
		},
		"gui": {
			"rotation": [-90, -45, -90],
			"translation": [0, 2.25, 0],
			"scale": [1.5, 1.5, 1.5]
		},
		"fixed": {
			"rotation": [-90, 45, 90],
			"translation": [0, 2.5, 0],
			"scale": [1.5, 1.5, 1.5]
		}
	}
}