{
	"parent": "iron_sword",
	"textures": {
		"0": "item/knife",
		"particle": "item/knife"
	},
	"elements": [
		{
			"from": [7, 0, 7],
			"to": [8, 5, 9],
			"rotation": {"angle": 0, "axis": "y", "origin": [7, 0, 7]},
			"faces": {
				"north": {"uv": [2, 11, 3, 16], "texture": "#0"},
				"east": {"uv": [0, 11, 2, 16], "texture": "#0"},
				"south": {"uv": [5, 11, 6, 16], "texture": "#0"},
				"west": {"uv": [3, 11, 5, 16], "texture": "#0"},
				"up": {"uv": [3, 11, 2, 9], "texture": "#0"},
				"down": {"uv": [4, 9, 3, 11], "texture": "#0"}
			}
		},
		{
			"from": [7, 6, 7],
			"to": [8, 14, 9],
			"rotation": {"angle": 0, "axis": "y", "origin": [7, 6, 7]},
			"faces": {
				"north": {"uv": [12, 2, 13, 10], "texture": "#0"},
				"east": {"uv": [10, 2, 12, 10], "texture": "#0"},
				"south": {"uv": [15, 2, 16, 10], "texture": "#0"},
				"west": {"uv": [13, 2, 15, 10], "texture": "#0"},
				"up": {"uv": [13, 2, 12, 0], "texture": "#0"},
				"down": {"uv": [14, 0, 13, 2], "texture": "#0"}
			}
		},
		{
			"from": [6.5, 5, 6.5],
			"to": [8.5, 6, 9.5],
			"rotation": {"angle": 0, "axis": "y", "origin": [7, 5, 7]},
			"faces": {
				"north": {"uv": [9, 15, 11, 16], "texture": "#0"},
				"east": {"uv": [6, 15, 9, 16], "texture": "#0"},
				"south": {"uv": [14, 15, 16, 16], "texture": "#0"},
				"west": {"uv": [11, 15, 14, 16], "texture": "#0"},
				"up": {"uv": [11, 15, 9, 12], "texture": "#0"},
				"down": {"uv": [13, 12, 11, 15], "texture": "#0"}
			}
		}
	],
	"display": {
		"thirdperson_righthand": {
			"translation": [0, 3.5, 1.75],
			"scale": [1, 1, 1.06]
		},
		"thirdperson_lefthand": {
			"translation": [0, 3.5, 1.75]
		},
		"firstperson_righthand": {
			"rotation": [-45, 0, 0],
			"translation": [0, 3.75, 0]
		},
		"firstperson_lefthand": {
			"rotation": [-45, 0, 0],
			"translation": [0, 3.75, 0]
		},
		"ground": {
			"translation": [0, 5, 0]
		},
		"gui": {
			"rotation": [90, 45, -90]
		},
		"fixed": {
			"rotation": [-90, 45, 90]
		}
	}
}