{
	"parent": "iron_axe",
	"texture_size": [32, 32],
	"textures": {
		"0": "item/Chainsaw",
		"particle": "item/Chainsaw"
	},
	"elements": [
		{
			"from": [5.5, 1, 6.5],
			"to": [10.5, 7, 14.5],
			"rotation": {"angle": 0, "axis": "y", "origin": [5.5, 1, 6.5]},
			"faces": {
				"north": {"uv": [4, 4, 6.5, 7], "texture": "#0"},
				"east": {"uv": [0, 4, 4, 7], "texture": "#0"},
				"south": {"uv": [10.5, 4, 13, 7], "texture": "#0"},
				"west": {"uv": [6.5, 4, 10.5, 7], "texture": "#0"},
				"up": {"uv": [6.5, 4, 4, 0], "texture": "#0"},
				"down": {"uv": [9, 0, 6.5, 4], "texture": "#0"}
			}
		},
		{
			"from": [8, 7, 8],
			"to": [8, 9, 13],
			"rotation": {"angle": 0, "axis": "y", "origin": [5.5, 7, 6.5]},
			"faces": {
				"north": {"uv": [13.5, 9.5, 13.5, 10.5], "texture": "#0"},
				"east": {"uv": [11, 9.5, 13.5, 10.5], "texture": "#0"},
				"south": {"uv": [16, 9.5, 16, 10.5], "texture": "#0"},
				"west": {"uv": [13.5, 9.5, 16, 10.5], "texture": "#0"},
				"up": {"uv": [13.5, 9.5, 13.5, 7], "texture": "#0"},
				"down": {"uv": [13.5, 7, 13.5, 9.5], "texture": "#0"}
			}
		},
		{
			"from": [7.5, 1, -3.5],
			"to": [8.5, 7, 6.5],
			"rotation": {"angle": 0, "axis": "y", "origin": [5.5, 1, -1.5]},
			"faces": {
				"north": {"uv": [5, 12, 5.5, 15], "texture": "#0"},
				"east": {"uv": [0, 12, 5, 15], "texture": "#0"},
				"south": {"uv": [10.5, 12, 11, 15], "texture": "#0"},
				"west": {"uv": [5.5, 12, 10.5, 15], "texture": "#0"},
				"up": {"uv": [5.5, 12, 5, 7], "texture": "#0"},
				"down": {"uv": [6, 7, 5.5, 12], "texture": "#0"}
			}
		}
	],
	"display": {
		"thirdperson_righthand": {
			"rotation": [38, 0, 0],
			"translation": [0, -1.75, -1.5]
		},
		"thirdperson_lefthand": {
			"rotation": [38, 0, 0],
			"translation": [0, -1.75, -1.5]
		},
		"firstperson_righthand": {
			"rotation": [65, 0, 0],
			"translation": [0, 5, 5]
		},
		"firstperson_lefthand": {
			"rotation": [65, 0, 0],
			"translation": [0, 5, 5]
		},
		"ground": {
			"translation": [0, 4.25, 0]
		},
		"gui": {
			"rotation": [90, -45, 90],
			"translation": [-3, 0.5, 0],
			"scale": [0.75, 0.75, 0.75]
		},
		"head": {
			"rotation": [-21, 0, 0],
			"translation": [0, 5.75, -10.5],
			"scale": [2, 2, 2]
		},
		"fixed": {
			"rotation": [90, 45, -90],
			"translation": [4.5, 1, 0]
		}
	}
}