{
	"parent": "netherite_sword",
	"texture_size": [32, 32],
	"textures": {
		"0": "item/crucible",
		"particle": "crucible"
	},
	"elements": [
		{
			"from": [6.5, -1, 6.5],
			"to": [9.5, 2, 9.5],
			"rotation": {"angle": 0, "axis": "y", "origin": [7, 0, 7]},
			"faces": {
				"north": {"uv": [11.5, 14.5, 13, 16], "texture": "#0"},
				"east": {"uv": [10, 14.5, 11.5, 16], "texture": "#0"},
				"south": {"uv": [14.5, 14.5, 16, 16], "texture": "#0"},
				"west": {"uv": [13, 14.5, 14.5, 16], "texture": "#0"},
				"up": {"uv": [13, 14.5, 11.5, 13], "texture": "#0"},
				"down": {"uv": [14.5, 13, 13, 14.5], "texture": "#0"}
			}
		},
		{
			"from": [7, 2, 7],
			"to": [9, 7.5, 9],
			"rotation": {"angle": 0, "axis": "y", "origin": [7, 2, 7]},
			"faces": {
				"north": {"uv": [1, 10.5, 2, 13], "texture": "#0"},
				"east": {"uv": [0, 10.5, 1, 13], "texture": "#0"},
				"south": {"uv": [3, 10.5, 4, 13], "texture": "#0"},
				"west": {"uv": [2, 10.5, 3, 13], "texture": "#0"},
				"up": {"uv": [2, 10.5, 1, 9.5], "texture": "#0"},
				"down": {"uv": [3, 9.5, 2, 10.5], "texture": "#0"}
			}
		},
		{
			"from": [6.5, 7.5, 6.5],
			"to": [9.5, 10.5, 9.5],
			"rotation": {"angle": 0, "axis": "y", "origin": [7, 8.5, 7]},
			"faces": {
				"north": {"uv": [1.5, 14.5, 3, 16], "texture": "#0"},
				"east": {"uv": [0, 14.5, 1.5, 16], "texture": "#0"},
				"south": {"uv": [4.5, 14.5, 6, 16], "texture": "#0"},
				"west": {"uv": [3, 14.5, 4.5, 16], "texture": "#0"},
				"up": {"uv": [3, 14.5, 1.5, 13], "texture": "#0"},
				"down": {"uv": [4.5, 13, 3, 14.5], "texture": "#0"}
			}
		},
		{
			"from": [7, 10.5, 7],
			"to": [9, 14, 9],
			"rotation": {"angle": 0, "axis": "y", "origin": [7, 11, 7]},
			"faces": {
				"north": {"uv": [7, 14.5, 8, 16], "texture": "#0"},
				"east": {"uv": [6, 14.5, 7, 16], "texture": "#0"},
				"south": {"uv": [9, 14.5, 10, 16], "texture": "#0"},
				"west": {"uv": [8, 14.5, 9, 16], "texture": "#0"},
				"up": {"uv": [8, 14.5, 7, 13.5], "texture": "#0"},
				"down": {"uv": [9, 13.5, 8, 14.5], "texture": "#0"}
			}
		},
		{
			"from": [8, 12, 4],
			"to": [8, 27, 12],
			"rotation": {"angle": 0, "axis": "y", "origin": [7, 12.5, 7]},
			"faces": {
				"north": {"uv": [4.5, 1, 4.5, 8.5], "texture": "#0"},
				"east": {"uv": [0.5, 1, 4.5, 8.5], "texture": "#0"},
				"south": {"uv": [8.5, 1, 8.5, 8.5], "texture": "#0"},
				"west": {"uv": [4.5, 1, 8.5, 8.5], "texture": "#0"},
				"up": {"uv": [4.5, 1, 4.5, -3], "texture": "#0"},
				"down": {"uv": [4.5, -3, 4.5, 1], "texture": "#0"}
			}
		},
		{
			"from": [8, 27, 2],
			"to": [8, 31.5, 14],
			"rotation": {"angle": 0, "axis": "y", "origin": [7, 13.5, 7]},
			"faces": {
				"north": {"uv": [10, 11, 10, 13], "texture": "#0"},
				"east": {"uv": [4, 11, 10, 13], "texture": "#0"},
				"south": {"uv": [16, 11, 16, 13], "texture": "#0"},
				"west": {"uv": [10, 11, 16, 13], "texture": "#0"},
				"up": {"uv": [10, 11, 10, 5], "texture": "#0"},
				"down": {"uv": [10, 5, 10, 11], "texture": "#0"}
			}
		},
		{
			"from": [7.5, 11, 8.5],
			"to": [8.5, 12.5, 11.5],
			"rotation": {"angle": 22.5, "axis": "x", "origin": [8, 11.75, 10]},
			"faces": {
				"north": {"uv": [13.5, 1.5, 14, 2], "texture": "#0"},
				"east": {"uv": [12, 1.5, 13.5, 2], "texture": "#0"},
				"south": {"uv": [15.5, 1.5, 16, 2], "texture": "#0"},
				"west": {"uv": [14, 1.5, 15.5, 2], "texture": "#0"},
				"up": {"uv": [14, 1.5, 13.5, 0], "texture": "#0"},
				"down": {"uv": [14.5, 0, 14, 1.5], "texture": "#0"}
			}
		},
		{
			"from": [7.5, 11, 4.5],
			"to": [8.5, 12.5, 7.5],
			"rotation": {"angle": -22.5, "axis": "x", "origin": [8, 11.75, 6]},
			"faces": {
				"north": {"uv": [13.5, 1.5, 14, 2], "texture": "#0"},
				"east": {"uv": [12, 1.5, 13.5, 2], "texture": "#0"},
				"south": {"uv": [15.5, 1.5, 16, 2], "texture": "#0"},
				"west": {"uv": [14, 1.5, 15.5, 2], "texture": "#0"},
				"up": {"uv": [14, 1.5, 13.5, 0], "texture": "#0"},
				"down": {"uv": [14.5, 0, 14, 1.5], "texture": "#0"}
			}
		}
	],
	"display": {
		"thirdperson_righthand": {
			"translation": [0, 1.25, 1.75]
		},
		"thirdperson_lefthand": {
			"translation": [0, 1.5, 1.75]
		},
		"ground": {
			"translation": [0, 5.5, 0]
		},
		"gui": {
			"rotation": [-90, 45, 90],
			"translation": [4.25, -4.5, 0],
			"scale": [0.75, 0.75, 0.75]
		},
		"fixed": {
			"rotation": [90, 45, -90],
			"translation": [-4.25, -3.75, 0],
			"scale": [0.75, 0.75, 0.75]
		}
	}
}