{
	"parent": "netherite_axe",
	"texture_size": [32, 32],
	"textures": {
		"0": "item/crowbar",
		"particle": "item/crowbar"
	},
	"elements": [
		{
			"from": [6.5, 1, 7.5],
			"to": [9.5, 15, 8.5],
			"rotation": {"angle": 0, "axis": "y", "origin": [7.5, 1, 6.5]},
			"faces": {
				"north": {"uv": [0.5, 1, 2, 8], "texture": "#0"},
				"east": {"uv": [0, 1, 0.5, 8], "texture": "#0"},
				"south": {"uv": [2.5, 1, 4, 8], "texture": "#0"},
				"west": {"uv": [2, 1, 2.5, 8], "texture": "#0"},
				"up": {"uv": [2, 1, 0.5, 0.5], "texture": "#0"},
				"down": {"uv": [3.5, 0.5, 2, 1], "texture": "#0"}
			}
		},
		{
			"from": [6.5, 0.5, 7.6],
			"to": [9.5, 1.5, 9.6],
			"rotation": {"angle": -22.5, "axis": "x", "origin": [8, 1, 8.6]},
			"faces": {
				"north": {"uv": [1, 9, 2.5, 9.5], "texture": "#0"},
				"east": {"uv": [0, 9, 1, 9.5], "texture": "#0"},
				"south": {"uv": [3.5, 9, 5, 9.5], "texture": "#0"},
				"west": {"uv": [2.5, 9, 3.5, 9.5], "texture": "#0"},
				"up": {"uv": [2.5, 9, 1, 8], "texture": "#0"},
				"down": {"uv": [4, 8, 2.5, 9], "texture": "#0"}
			}
		},
		{
			"from": [6.5, 14.1, 5.675],
			"to": [9.5, 15.1, 8.675],
			"rotation": {"angle": -22.5, "axis": "x", "origin": [8, 14.1, 6.425]},
			"faces": {
				"north": {"uv": [5.5, 1.5, 7, 2], "texture": "#0"},
				"east": {"uv": [4, 1.5, 5.5, 2], "texture": "#0"},
				"south": {"uv": [8.5, 1.5, 10, 2], "texture": "#0"},
				"west": {"uv": [7, 1.5, 8.5, 2], "texture": "#0"},
				"up": {"uv": [7, 1.5, 5.5, 0], "texture": "#0"},
				"down": {"uv": [8.5, 0, 7, 1.5], "texture": "#0"}
			}
		},
		{
			"from": [6.5, 13.1, 5.675],
			"to": [9.5, 14.1, 5.675],
			"rotation": {"angle": -22.5, "axis": "x", "origin": [8, 14.1, 6.425]},
			"faces": {
				"north": {"uv": [0.5, 0, 2, 0.5], "texture": "#0"},
				"east": {"uv": [0.5, 0, 0.5, 0.5], "texture": "#0"},
				"south": {"uv": [2, 0, 3.5, 0.5], "texture": "#0"},
				"west": {"uv": [2, 0, 2, 0.5], "texture": "#0"},
				"up": {"uv": [2, 0, 0.5, 0], "texture": "#0"},
				"down": {"uv": [3.5, 0, 2, 0], "texture": "#0"}
			}
		}
	],
	"display": {
		"thirdperson_righthand": {
			"rotation": [16, 134, 0],
			"translation": [0, 0.5, 2.5]
		},
		"thirdperson_lefthand": {
			"rotation": [16, 134, 0],
			"translation": [0, 0.5, 2.5]
		},
		"firstperson_righthand": {
			"rotation": [0, 20, 0]
		},
		"firstperson_lefthand": {
			"rotation": [0, 20, 0]
		},
		"ground": {
			"translation": [0, 4.25, 0]
		},
		"gui": {
			"rotation": [-90, -45, -90]
		},
		"fixed": {
			"rotation": [-90, -45, -90],
			"translation": [0, 0, 0.75]
		}
	},
	"groups": [
		0,
		1,
		{
			"name": "group",
			"origin": [7.5, 14, 5.5],
			"color": 0,
			"children": [2, 3]
		}
	]
}