{
	"credit": "Made with Blockbench",
	"parent": "stone_sword",
	"texture_size": [32, 32],
	"textures": {
		"0": "item/ruler",
		"particle": "item/ruler"
	},
	"elements": [
		{
			"from": [7, 0, 0],
			"to": [9, 1, 16],
			"rotation": {"angle": 0, "axis": "y", "origin": [7, 0, 7]},
			"faces": {
				"north": {"uv": [2, 1, 3, 1.5], "texture": "#0"},
				"east": {"uv": [2, 0, 10, 0.5], "texture": "#0"},
				"south": {"uv": [2, 1.5, 3, 2], "texture": "#0"},
				"west": {"uv": [2, 0.5, 10, 1], "texture": "#0"},
				"up": {"uv": [1, 8, 0, 0], "texture": "#0"},
				"down": {"uv": [2, 0, 1, 8], "texture": "#0"}
			}
		}
	],
	"display": {
		"thirdperson_righthand": {
			"rotation": [90, 0, 135],
			"translation": [-5.5, 3.25, -4.25]
		},
		"thirdperson_lefthand": {
			"rotation": [90, 0, 135],
			"translation": [-5.5, 3.25, -4.25]
		},
		"firstperson_righthand": {
			"rotation": [90, 0, 180],
			"translation": [4, 3.25, -4.25]
		},
		"firstperson_lefthand": {
			"rotation": [90, 0, 180],
			"translation": [4, 3.25, -4.25]
		},
		"ground": {
			"rotation": [90, 0, 0],
			"translation": [0, 4.75, 6]
		},
		"gui": {
			"rotation": [90, 45, 0]
		},
		"fixed": {
			"rotation": [-90, 45, 0],
			"translation": [0, 0, -7]
		}
	}
}